<application>
  <component name="ProjectManager">
    <defaultProject>
      <component name="AutoImportSettings">
        <option name="autoReloadType" value="SELECTIVE" />
      </component>
      <component name="MavenImportPreferences">
        <option name="generalSettings">
          <MavenGeneralSettings>
            <option name="mavenHome" value="D:\Game\Demo\IntelliJ IDEA 2020.2.2\plugins\maven\lib\maven3" />
            <option name="usePluginRegistry" value="true" />
            <option name="userSettingsFile" value="D:\Game\Demo\IntelliJ IDEA 2020.2.2\plugins\maven\lib\maven3\conf\settings.xml" />
          </MavenGeneralSettings>
        </option>
      </component>
      <component name="MavenRunner">
        <option name="jreName" value="11" />
      </component>
      <component name="ProjectViewState">
        <option name="autoscrollFromSource" value="true" />
        <option name="hideEmptyMiddlePackages" value="true" />
        <option name="showLibraryContents" value="true" />
      </component>
      <component name="PropertiesComponent">
        <property name="settings.editor.selected.configurable" value="preferences.pluginManager" />
      </component>
      <component name="RemoteRepositoriesConfiguration">
        <remote-repository>
          <option name="id" value="c378886b-d801-421f-b34d-0660eae7f698" />
          <option name="name" value="c378886b-d801-421f-b34d-0660eae7f698" />
          <option name="url" value="https://maven.aliyun.com/repository/public/" />
        </remote-repository>
      </component>
    </defaultProject>
  </component>
</application>